,precision,recall,f1-score,support
0,0.9107142857142857,0.9272727272727272,0.918918918918919,1430.0
1,0.6510560146923783,0.87422934648582,0.7463157894736842,811.0
2,1.0,1.0,1.0,486.0
3,0.8251231527093597,0.8626609442060086,0.8434746118338229,1165.0
4,0.3575418994413408,0.11940298507462686,0.17902097902097902,536.0
accuracy,0.8107497741644083,0.8107497741644083,0.8107497741644083,0.8107497741644083
macro avg,0.7488870705114729,0.7567132006078364,0.737546059849481,4428.0
weighted avg,0.7834775942849841,0.8107497741644083,0.7867929825787852,4428.0
