,precision,recall,f1-score,support
0,0.9132203389830509,0.941958041958042,0.9273666092943202,1430.0
1,0.8620689655172413,0.8014796547472256,0.8306709265175719,811.0
2,1.0,1.0,1.0,486.0
3,0.8320864505403158,0.8592274678111588,0.8454391891891893,1165.0
4,0.6490196078431373,0.6175373134328358,0.632887189292543,536.0
accuracy,0.8615627822944896,0.8615627822944896,0.8615627822944896,0.8615627822944896
macro avg,0.8512790725767492,0.8440404955898526,0.8472727828587248,4428.0
weighted avg,0.8600492864642355,0.8615627822944896,0.8604274077603516,4428.0
